beer,temperature
43.46000000000001,36.2
27.92,13.9
26.259999999999998,14.7
20.64,9.3
37.56,28.7
17.5,-3.0
41.02,37.4
31.82,12.4
51.86,23.2
39.9,17.5
46.18000000000001,34.6
12.42,-0.6
27.439999999999998,16.8
46.46,16.2
45.440000000000005,31.3
22.1,9.0
36.14,18.3
45.760000000000005,11.2
37.32,20.4
45.54,25.8
29.599999999999998,9.0
42.32000000000001,31.4
34.1,29.0
37.2,25.0
41.5,29.0
35.260000000000005,13.2
41.74,18.8
35.88,10.6
36.14,17.3
47.34,25.3
